page_id,primary_keyword,title,meta_description
P001,masterbatch manufacturer,,
P002,masterbatch; plastic masterbatch; masterbatch products,,
P003,,,
P004,masterbatch manufacturing process,,
P005,black masterbatch TDS,,
P006,black masterbatch quote,,
P007,,,
P008,,,
P009,,,
P010,,,
P011,,,
P012,,,
P013,black masterbatch,,
P014,white masterbatch,,
P015,color masterbatch,,
P016,desiccant masterbatch,,
P017,,,
P018,,,
P019,,,
P020,,,
P021,,,
P022,,,
P023,,,
P024,,,
P025,black masterbatch for film,,
P026,black masterbatch for injection molding,,
P027,black masterbatch for extrusion,,
P028,black masterbatch for recycled PE,,
P029,black masterbatch for garbage bags,,
P030,black masterbatch for compounding,,
P031,black masterbatch for HDPE pipe,,
P032,what is masterbatch,,
P033,how to choose black masterbatch,,
P034,black masterbatch carrier resin,,
P035,black masterbatch carbon black content,,
P036,black masterbatch dispersion,,
P037,black masterbatch dosage,,
P038,black masterbatch melt flow index,,
P039,black masterbatch ash content,,
P040,black masterbatch vs carbon black,,
P041,masterbatch vs pigment,,
P042,black masterbatch sample,,
P043,black masterbatch price,,
