page_id,url,page_type,spec
P001,/,Page,planning/pages/P001.md
P002,/products,Page,planning/pages/P002.md
P003,/about,Page,planning/pages/P003.md
P004,/manufacturing-quality,Page,planning/pages/P004.md
P005,/documents,Page,planning/pages/P005.md
P006,/rfq,Page,planning/pages/P006.md
P007,/contact,Page,planning/pages/P007.md
P008,/applications,Page,planning/pages/P008.md
P009,/resources,Page,planning/pages/P009.md
P010,/faq,Page,planning/pages/P010.md
P011,/privacy,Page,planning/pages/P011.md
P012,/terms,Page,planning/pages/P012.md
P013,/products/black-masterbatch,Page,planning/pages/P013.md
P014,/products/white-masterbatch,Page,planning/pages/P014.md
P015,/products/color-masterbatch,Page,planning/pages/P015.md
P016,/products/desiccant-defoaming-masterbatch,Page,planning/pages/P016.md
P017,/products/bk020,Page,planning/pages/P017.md
P018,/products/bk025,Page,planning/pages/P018.md
P019,/products/bk030,Page,planning/pages/P019.md
P020,/products/bk035,Page,planning/pages/P020.md
P021,/products/bk040,Page,planning/pages/P021.md
P022,/products/pt-300,Page,planning/pages/P022.md
P023,/products/pt-450p,Page,planning/pages/P023.md
P024,/products/dm2476g,Page,planning/pages/P024.md
P025,/applications/masterbatch-for-packaging-film,Page,planning/pages/P025.md
P026,/applications/black-masterbatch-for-injection-molding,Page,planning/pages/P026.md
P027,/applications/masterbatch-for-general-extrusion,Page,planning/pages/P027.md
P028,/applications/masterbatch-for-recycled-pe-pp,Page,planning/pages/P028.md
P029,/applications/black-masterbatch-for-garbage-bags,Page,planning/pages/P029.md
P030,/applications/black-masterbatch-for-compounding,Page,planning/pages/P030.md
P031,/applications/masterbatch-for-hdpe-pipe-extrusion,Page,planning/pages/P031.md
P032,/resources/what-is-masterbatch,Post,planning/pages/P032.md
P033,/resources/how-to-choose-black-masterbatch,Post,planning/pages/P033.md
P034,/resources/black-masterbatch-carrier-resin,Post,planning/pages/P034.md
P035,/resources/black-masterbatch-carbon-black-content,Post,planning/pages/P035.md
P036,/resources/black-masterbatch-dispersion,Post,planning/pages/P036.md
P037,/resources/black-masterbatch-dosage,Post,planning/pages/P037.md
P038,/resources/black-masterbatch-melt-flow-index,Post,planning/pages/P038.md
P039,/resources/black-masterbatch-ash-content,Post,planning/pages/P039.md
P040,/resources/black-masterbatch-vs-carbon-black,Post,planning/pages/P040.md
P041,/resources/masterbatch-vs-pigment,Post,planning/pages/P041.md
P042,/resources/black-masterbatch-sample-trial,Post,planning/pages/P042.md
P043,/resources/black-masterbatch-price-factors,Post,planning/pages/P043.md
